"Statistic","Value"
"NDVI_min",-0.437254905700684
"NDVI_mean",0.330553275433892
"NDVI_max",0.834019482135773
"NDVI_sd",0.169829472844551
